FuriousFire201,0jm6pwy8,:flag_us:
dlimes13,o86y93wj,:flag_us:
killerkun...,8qr5kvwj,:flag_jp:
Mawfeen,0jm9wy81,:flag_nl:
Fioresa,1xy3wpwj,:flag_us:
`Otterstone_Gamer`,qjn1wzw8,:flag_us:
ShesChardcore,y8dzlz9j,:flag_us:
MrMountainMan,kj9y5mrx,:flag_us:
Zambrini,1xyylnyx,:flag_us:
Nordanix,kj92m4r8,:flag_se:
Spaceman,18v52d5j,:flag_us:
AslanTZ,816q54lx,:flag_tr:
stathx,jn36q61x,:flag_us:
CaneofPacci,v81kdrjp,:flag_us:
Jaypin88,kj9521v8,:flag_ca:
SRGTsilent,v8l3eq48,:flag_us:
McKiddy,kj9dzp7x,:flag_us:
Kkntucara,xz9nv648,:flag_es:
Wolt1x,kjp1vr2j,:flag_cz:
Cmdr,48g5vo7j,:flag_us:
ComicBlue,68wvldlx,:flag_ca:
Blacksecret,qjn1y628,:flag_lv:
Tei,18vmo728,:flag_vn:
werster,y8d365x6,:flag_us:
`Rayu_`,j0nvnk98,:flag_ru:
ALZERI28,zx75o1r8,:flag_fi:
Raid104,18vw1rvj,:flag_hu:
Awake,kj9v37vx,:flag_fr:
meegz,8e9gr0pj,:flag_ru:
Polonxy,1xyk5ny8,:flag_ca:
Icysnowman,j2y12e68,:flag_us:
viper,8e913qdj,:flag_us:
daff,8grm677x,:flag_ru:
DlemmoR,1xyd6nmx,:flag_ca:
katze789,qjnz5g2j,:flag_de:
Klooger,18qr5wjn,:flag_au:
Chainsawkitten,98ryqvqj,:flag_se:
duckle,e8e5gg68,:flag_td:
plank,y8d00plx,:flag_kr:
RunStrafe,kj9e0578,:flag_de:
Hydrus,5j5dqrz8,:flag_us:
FelipeNascimento83,68wne448,:flag_br:
Sizzyl,18qvw9ox,:flag_us:
Rupa,qjoq5re8,:flag_jp:
Ewil,1xyy6vxr,:flag_cz:
ssjoen,8wk3wr48,:flag_nl:
Th3on3C,18qkovq8,:flag_ca:
zir0nic,98rv0dqj,
`emrald_011`,5j5ve9w8,:flag_gb:
silliest,814pll58,:flag_us:
slippy318,e8e9l0pj,:flag_us:
Ico,qjo2pne8,:flag_se:
OneCoolMan,e8ewozp8,:flag_us:
Slevanas,18qkl78n,:flag_mx:
Tegron,jmo29wy8,:flag_pl:
HowDenKing,68wk0748,:flag_eu:
Lezzy,jo3ko0lj,:flag_no:
qwertylool,5j5vv4w8,:flag_us:
PlatonicGuy,0jmdlgej,:flag_bh:
TRLittleToaster,8qzo95o8,:flag_us:
`Ben_eXceL`,x3557mqj,:flag_us:
VegetaTheSaiyan8,jo3lnr3j,:flag_us:
alex2007,0jmg73oj,:flag_io:
gotutiyan,jp4odpkj,:flag_jp:
Thomastd,jp4zqwyj,:flag_us:
WagnerBrasil,qxkm272j,:flag_br:
Winslinator,1xy7pnxr,:flag_us:
Jaaay,x7q663v8,:flag_de:
`amazingpikachu_37`,v81qg15j,:flag_us:
InsaneJetman,qjnlzwdx,:flag_ca:
Jumpyluff,v18q90jn,:flag_us:
Lew,pj0045wj,:flag_gb:
Uniwersal,0jm4lznj,:flag_ee:
Alexo,e8ez0lp8,:flag_us:
Eclipsed,v813edlx,:flag_us:
Sirbrute,kj9n06v8,:flag_dk:
Mortar,18q99rdj,:flag_gb:
Cytruss,qjnqro2j,:flag_gr:
Msbmteam,0jm0k3o8,:flag_us:
`THiEF_HD209`,j2y6v5o8,:flag_us:
`RpM_Ayaya`,1xyrdqzj,:flag_pl:
Connor5499,qjomm7x6,:flag_us:
VanoVist,jo33lpnj,:flag_ru:
woodenspoon,j5wg5lnj,:flag_us:
TransparentBlue,zxz77knj,:flag_fr:
BellumZeldaDS,18q3o3dj,:flag_fr:
Snugggles,kjpgz7kj,:flag_gb:
YTKoopaPlayer,j2y4p6o8,:flag_de:
`Billy_Bob`,1xypq3yx,:flag_gb:
CallBal,v8lq05vx,:england:
felipereis11011,x7q9g1v8,:flag_br:
Badaxis,pj0gg9wx,:flag_fr:
GroMic,8l0kq1v8,:flag_be:
vanish2009,j2wwlm6j,:flag_id:
debiangamer256,qjngr448,:flag_gb:
hotrodzod,68w0oy3j,:flag_ca:
Jubilee,j0nm9r48,:flag_us:
Wavuvi,86vno9wj,:flag_us:
Rathin,18vprve8,:flag_us:
TornRose,zxz7nm4j,:flag_ca:
Shinboy,8wl7yovj,:flag_nr:
JDMI,j92266v8,:flag_us:
7H3,v81ggnp8,:flag_ca:
Luvbaseball58,kjp4zn4j,:flag_us:
Nordicboa,98r4z3j1,:flag_de:
Elims,qjoqz4e8,:flag_gb:
Dawgup,zxz7ew9j,:flag_us:
WiiSuper,48g562yj,:flag_us:
GamingLand,68wg45zx,:flag_bt:
Nimputs,qxko0280,:flag_de:
reni,8l0rl9v8,:flag_gb:
afnannen136,48g92r2x,:flag_us:
`_pandito_`,qxk7rz6j,:flag_us:
Rallis,eo86lp8z,:flag_us:
Shiro,18v46ky8,:flag_us:
smartalec24,zxzygl4j,:flag_us:
`DarQ_Massacres`,5j51v3w8,:flag_ca:
Yuidesu,48gn04pj,
Dugongue,y8d3z5x6,:flag_us:
Cyberdemon531,61xygzxr,:flag_us:
meauxdal,dx3p0ok8,:flag_us:
NachoBrado,v81ke2rj,:flag_us:
Vapo,o864zm0j,:flag_gb:
Ianwubby,kjp4rk4j,:flag_us:
NihilistComedyHour,qxk6eok8,:flag_us:
andypanther,dx3vw68l,:flag_ch:
Mipha,0jm3r3z8,:flag_gb:
`Mumu_Didi`,dx33m6kx,:flag_fr:
Yumashev,zxze4nnx,:flag_ru:
`Really_Tall`,qjooe3j6,:scotland:
Kaopoke,y8dwr45j,:flag_nl:
Peanutfan22,1xykryz8,:flag_us:
bendersrus,18qwrkw8,:flag_ca:
dha,kj9p77x4,:flag_it:
baldnate,kj9yg2wx,:flag_us:
DracaarysTrophy,18qg9ndx,:flag_fr:
SBells27,zxz0gw98,:flag_co:
MarioMario7829,xz925r48,:flag_us:
MXF,qxkpk69j,:flag_jp:
Tenka,v81pk5q8,:flag_au:
diggity,qjoz6gn8,:flag_au:
LunaSpeed,qjo95lej,:flag_gb:
InprisonedShadow,kj9r0wj4,:flag_us:
manticor5,7j4ndywx,:flag_cl:
MortimerNova,8ger577j,:flag_us:
Vakala,48g4mnp8,:flag_fr:
DylCat,v81o6wlx,:flag_us:
StarrlightSims,p18vvn8l,:flag_gb:
Tomatobird8,qjopronx,:flag_fi:
ritah,98rzez3x,:flag_br:
NerdyNester,qjnzo1wj,:flag_us:
DBcade,zxzzvlrx,:flag_jp:
TheNameless,j5wg15wj,:flag_gr:
Act7,j51p0268,:flag_us:
flutter,kjpm0r4j,
1,zx7gd1yx,:flag_br:
jannik323,qxkqvo9x,
alaris,zx7gkrx7,:flag_us:
sage211,8ge5w52j,:flag_us:
randomidiot13,jn39g1qx,:flag_us:
Garsh,jnz49qqj,
Maximum,qjo9k3j6,:flag_us:
WindMark,kjprgok8,:flag_pt:
Solderq35,8e9k717j,:flag_us:
swordsmankirby,0jml3y81,:flag_us:
MarvJungs,v8lyv4jm,:flag_de:
SHiFT,18vk6oej,:flag_us:
`toca_1`,98rk96x1,:flag_eu:
R0main,5j52r5zj,:flag_fr:
Tech,qjo22ke8,:flag_us:
AeonFrodo,18v7ky8l,:flag_au:
unfried,8wk9r2v8,:flag_rs:
`Tron_Javolta`,dx35zg7j,
Deln,qj2yyn8k,:flag_ca:
starsmiley,dx3593qj,:flag_us:
mossranking,1xyyq0zx,
turtlespyder,86n409qx,:flag_us:
`Odme_`,qjor2nj6,:flag_us:
Quantum,kjp4owkj,:flag_au:
ROMaster2,qj2gv68k,:flag_us:
wolsk,1xy13vxr,:flag_us:
Shiinyu,0jmvy6nj,:flag_bg:
TheHSbF6Leo,kj9n7q78,:flag_de:
smitch,x35dv12j,:flag_gr:
dotalottroller,8l060pv8,:flag_pk:
m,dx37d628,:flag_ie:
kai,8qzyvnw8,:flag_gb:
Illumina,wdx3oexl,:flag_ca:
OverMC,kj97gvvx,:flag_gb:
Terter,qxkp4d7j,:flag_pl:
French,8wk9o7q8,:flag_ca:
Pac,wzx7q875,
Kirkq,zxz7z0jq,:flag_us:
wipeoutjack7,v81md938,:flag_us:
seckswrecks,48grepxp,:flag_us:
Liljapkid,8qz33108,:flag_gb:
flewb,8rpemmdj,:flag_ie:
perna64,98rv2rdj,:flag_us:
chryoyo,98rlreq8,:flag_us:
rphxx,98rveeqj,:flag_at:
hikarugames,zx7pe96x,:flag_kr:
`_-_STAR_fox_-_`,1xy1pmxr,:flag_us:
Storster,98rre381,:flag_us:
robthegamer115,v81qk3jp,:flag_us:
`JSR_`,qjop9nnx,:flag_us:
frostysr,j4rl00w8,:flag_gb:
Majineta,jn3vl7dx,
Juegariel,68wk9eq8,:flag_es:
AuthorBlues,7j424wx1,:flag_us:
FlannelKat,qxko7rm8,:flag_us:
PeterAfro,18vk7vjl,:flag_us:
drgrumble,48grel1x,:flag_gb:
oxknifer,68wlgyzj,:flag_us:
bluerapids12,qxk2z16x,:flag_us:
bat,18vkemyj,:flag_us:
oreo321,kj904grj,:flag_il:
whatsfrog,x352kyej,:flag_se:
pullmatrox,o86r2r38,:flag_ar:
funado,x3ql5n7j,
victu,8e9elodj,:flag_br:
axxis,qjngrp28,:flag_gb:
`tdp_320`,x35l7pkj,:flag_us:
sundex,qxk6wl28,:flag_us:
zennan,qj2lgw7x,:flag_us:
